id,name,email,age,city
1,Alice Johnson,alice@example.com,29,New York
2,Bob Smith,bob.smith@example.com,35,Los Angeles
3,Charlie Lee,charlie.lee@example.com,41,Chicago
4,Diana Prince,diana.prince@example.com,27,San Francisco
5,Edward Kim,edward.kim@example.com,33,Seattle
6,Farah Khan,farah.khan@example.com,30,Austin
7,Gustavo Silva,g.silva@example.com,38,Miami
8,Hiro Tanaka,hiro.tanaka@example.com,45,Boston
9,Isabella Rossi,isabella.rossi@example.com,26,Denver
10,Juan Pérez,juan.perez@example.com,32,Houston
11,Katarina Novak,k.novak@example.com,28,Phoenix
12,Liam O'Connor,liam.oconnor@example.com,36,Philadelphia
13,María García,maria.garcia@example.com,31,San Diego
14,Nikolai Petrov,nikolai.petrov@example.com,40,Dallas
15,Olivia Brown,olivia.brown@example.com,24,Portland
16,Paul Green,paul.green@example.com,42,Atlanta
17,Quincy Adams,quincy.adams@example.com,34,Detroit
18,Rachel Adams,rachel.adams@example.com,29,San Jose
19,Samuel Carter,samuel.carter@example.com,37,Minneapolis
20,Tina Chen,tina.chen@example.com,31,Orlando
21,Umar Ali,umar.ali@example.com,28,San Antonio
22,Valentina Cruz,valentina.cruz@example.com,33,Las Vegas
23,William Baker,william.baker@example.com,46,Columbus
24,Xavier Martin,x.martin@example.com,39,Charlotte
25,Yara Haddad,yara.haddad@example.com,27,San Bernardino
26,Zoe Clark,zoe.clark@example.com,25,Sacramento
27,Andrei Popov,andrei.popov@example.com,44,Indianapolis
28,Beatriz Silva,beatriz.silva@example.com,30,Jacksonville
29,Carlos Mendez,carlos.mendez@example.com,35,Fort Worth
30,Deepak Sharma,deepak.sharma@example.com,41,El Paso
31,Elena Petrova,elena.petrova@example.com,26,Memphis
32,Felix Müller,felix.mueller@example.com,38,Nashville
33,Giulia Bianchi,giulia.bianchi@example.com,32,Oklahoma City
34,Hassan Ibrahim,hassan.ibrahim@example.com,29,Denver
35,Ingrid Svensson,ingrid.svensson@example.com,36,Washington
36,Jack Wilson,jack.wilson@example.com,28,Baltimore
37,Kiara Patel,kiara.patel@example.com,33,Milwaukee
38,Luca Romano,luca.romano@example.com,40,Albuquerque
39,Mina Park,mina.park@example.com,27,Tucson
40,Nadia Ahmed,nadia.ahmed@example.com,31,Fresno
41,Oleg Ivanov,oleg.ivanov@example.com,45,Mesa
42,Paula Gomez,paula.gomez@example.com,34,Sacramento
43,Quinn Foster,quinn.foster@example.com,26,Kansas City
44,Ravi Kapoor,ravi.kapoor@example.com,37,Long Beach
45,Sara Cohen,sara.cohen@example.com,29,Oakland
46,Tomáš Novák,tomas.novak@example.com,35,Arlington
47,Uma Rani,uma.rani@example.com,28,New Orleans
48,Viktor Horváth,viktor.horvath@example.com,42,Anaheim
49,Wang Wei,wang.wei@example.com,33,Aurora
50,Yuki Sato,yuki.sato@example.com,30,Tampa
